structure, operation, time(ns)
bst, put, 1204138
bst, delete, 8214
avl, put, 1552366
avl, delete, 1367756
splay, put, 15517
splay, delete, 43784
veb, put, 2143301
veb, delete, 2027406
bst, put, 1306349
bst, delete, 5939
avl, put, 1473598
avl, delete, 1460445
splay, put, 11005
splay, delete, 36049
veb, put, 1967126
veb, delete, 2127276
bst, put, 1105779
bst, delete, 4709
avl, put, 1424343
avl, delete, 1544121
splay, put, 13006
splay, delete, 43603
veb, put, 2107417
veb, delete, 2008648
bst, put, 1206764
bst, delete, 5613
avl, put, 1391544
avl, delete, 1312684
splay, put, 12695
splay, delete, 41167
veb, put, 1999098
veb, delete, 1897687
bst, put, 1116333
bst, delete, 5528
avl, put, 1435571
avl, delete, 1457641
splay, put, 10834
splay, delete, 34660
veb, put, 1739933
veb, delete, 2055825
bst, put, 1158571
bst, delete, 4685
avl, put, 1337268
avl, delete, 1404265
splay, put, 12609
splay, delete, 41905
veb, put, 1962023
veb, delete, 1968082
bst, put, 1220089
bst, delete, 5581
avl, put, 1457546
avl, delete, 1339656
splay, put, 10765
splay, delete, 34296
veb, put, 1788453
veb, delete, 2094751
bst, put, 1145016
bst, delete, 5589
avl, put, 1400218
avl, delete, 1452806
splay, put, 11133
splay, delete, 35692
veb, put, 1912571
veb, delete, 1865718
bst, put, 1156809
bst, delete, 4854
avl, put, 1497801
avl, delete, 1484753
splay, put, 11555
splay, delete, 34490
veb, put, 1895874
veb, delete, 2014621
bst, put, 1021855
bst, delete, 4805
avl, put, 1420025
avl, delete, 1508031
splay, put, 13413
splay, delete, 40725
veb, put, 2063686
veb, delete, 2013153
bst, put, 1139319
bst, delete, 5301
avl, put, 1466139
avl, delete, 1365916
splay, put, 11738
splay, delete, 35653
veb, put, 1523962
veb, delete, 1922141
bst, put, 1200563
bst, delete, 4566
avl, put, 1475166
avl, delete, 1460005
splay, put, 11490
splay, delete, 35127
veb, put, 1273928
veb, delete, 2065642
bst, put, 1205609
bst, delete, 5546
avl, put, 1624237
avl, delete, 1579294
splay, put, 16780
splay, delete, 41903
veb, put, 1487590
veb, delete, 1889699
bst, put, 1015251
bst, delete, 4706
avl, put, 1523917
avl, delete, 1482768
splay, put, 11560
splay, delete, 48050
veb, put, 1412053
veb, delete, 2016803
bst, put, 1126897
bst, delete, 5531
avl, put, 1367812
avl, delete, 1313167
splay, put, 11483
splay, delete, 35677
veb, put, 1438588
veb, delete, 2011844
bst, put, 1020529
bst, delete, 4497
avl, put, 1450928
avl, delete, 1466754
splay, put, 13022
splay, delete, 40622
veb, put, 1309229
veb, delete, 1903640
bst, put, 1117441
bst, delete, 4665
avl, put, 1491657
avl, delete, 1289364
splay, put, 11595
splay, delete, 35466
veb, put, 1382359
veb, delete, 2089384
bst, put, 1218530
bst, delete, 5637
avl, put, 1575850
avl, delete, 1375479
splay, put, 13561
splay, delete, 42147
veb, put, 1495807
veb, delete, 1908086
bst, put, 1162479
bst, delete, 4703
avl, put, 1526081
avl, delete, 1335635
splay, put, 11281
splay, delete, 35947
veb, put, 1442703
veb, delete, 2014578
bst, put, 1026306
bst, delete, 4743
avl, put, 1368914
avl, delete, 1501337
splay, put, 11756
splay, delete, 35114
veb, put, 1436613
veb, delete, 1912904
bst, put, 1125567
bst, delete, 4628
avl, put, 1504520
avl, delete, 1347778
splay, put, 13855
splay, delete, 36073
veb, put, 1511639
veb, delete, 2189262
bst, put, 1125559
bst, delete, 4704
avl, put, 1468332
avl, delete, 1365659
splay, put, 13371
splay, delete, 42380
veb, put, 1395444
veb, delete, 1847124
bst, put, 1280188
bst, delete, 5571
avl, put, 1563569
avl, delete, 1540896
splay, put, 13406
splay, delete, 41569
veb, put, 1508003
veb, delete, 2181438
bst, put, 1253679
bst, delete, 5629
avl, put, 1594659
avl, delete, 1565956
splay, put, 13413
splay, delete, 41312
veb, put, 1505867
veb, delete, 2197363
bst, put, 1252761
bst, delete, 5564
avl, put, 1573182
avl, delete, 1552597
splay, put, 13619
splay, delete, 42298
veb, put, 1513934
veb, delete, 2190124
bst, put, 1601080
bst, delete, 7679
avl, put, 2192669
avl, delete, 2173851
splay, put, 22108
splay, delete, 54419
veb, put, 1570524
veb, delete, 2289537
bst, put, 1353102
bst, delete, 5686
avl, put, 1637279
avl, delete, 1556504
splay, put, 12187
splay, delete, 36522
veb, put, 1268657
veb, delete, 2039068
bst, put, 1210966
bst, delete, 4516
avl, put, 1522479
avl, delete, 1327875
splay, put, 15814
splay, delete, 35753
veb, put, 1290507
veb, delete, 1995136
bst, put, 1045004
bst, delete, 4539
avl, put, 1599283
avl, delete, 2192937
splay, put, 16958
splay, delete, 45526
veb, put, 1291138
veb, delete, 1993374
bst, put, 1140341
bst, delete, 6207
avl, put, 2012618
avl, delete, 1494990
splay, put, 11784
splay, delete, 36650
veb, put, 1479114
veb, delete, 2085646
bst, put, 1054439
bst, delete, 4673
avl, put, 1465504
avl, delete, 1345104
splay, put, 11344
splay, delete, 35192
veb, put, 1269390
veb, delete, 1879421
bst, put, 1202313
bst, delete, 4742
avl, put, 1357059
avl, delete, 1320082
splay, put, 11324
splay, delete, 41723
veb, put, 1348106
veb, delete, 2200029
bst, put, 1045199
bst, delete, 4633
avl, put, 1355075
avl, delete, 1564826
splay, put, 13529
splay, delete, 42010
veb, put, 1328292
veb, delete, 1847510
bst, put, 1184349
bst, delete, 5554
avl, put, 1475993
avl, delete, 1314241
splay, put, 11491
splay, delete, 35067
veb, put, 1264675
veb, delete, 2008599
bst, put, 1052915
bst, delete, 4676
avl, put, 1478916
avl, delete, 1519550
splay, put, 14459
splay, delete, 41275
veb, put, 1395006
veb, delete, 2018783
bst, put, 1184814
bst, delete, 5545
avl, put, 1351111
avl, delete, 1416703
splay, put, 13603
splay, delete, 43328
veb, put, 1303707
veb, delete, 2011300
bst, put, 1048514
bst, delete, 4527
avl, put, 1319741
avl, delete, 1396122
splay, put, 13544
splay, delete, 43009
veb, put, 1298971
veb, delete, 1846662
bst, put, 1044784
bst, delete, 4532
avl, put, 1530657
avl, delete, 1365392
splay, put, 11284
splay, delete, 34700
veb, put, 1271397
veb, delete, 2203240
bst, put, 1051485
bst, delete, 4444
avl, put, 1547250
avl, delete, 1323046
splay, put, 11335
splay, delete, 35393
veb, put, 1441318
veb, delete, 2065364
bst, put, 1193987
bst, delete, 5395
avl, put, 1591928
avl, delete, 1360291
splay, put, 11710
splay, delete, 35989
veb, put, 1267243
veb, delete, 1981177
bst, put, 1072661
bst, delete, 4510
avl, put, 1392716
avl, delete, 1497710
splay, put, 13329
splay, delete, 42518
veb, put, 1503053
veb, delete, 2015313
bst, put, 1052603
bst, delete, 4573
avl, put, 1412622
avl, delete, 1399066
splay, put, 11564
splay, delete, 35441
veb, put, 1268825
veb, delete, 2020340
bst, put, 1233142
bst, delete, 4506
avl, put, 1308541
avl, delete, 1280839
splay, put, 11453
splay, delete, 35227
veb, put, 1307232
veb, delete, 1972676
bst, put, 1042972
bst, delete, 4453
avl, put, 1515773
avl, delete, 1479475
splay, put, 11474
splay, delete, 36243
veb, put, 1270531
veb, delete, 1843160
bst, put, 1101482
bst, delete, 5300
avl, put, 1490537
avl, delete, 1628866
splay, put, 12276
splay, delete, 49610
veb, put, 1416079
veb, delete, 2030293
bst, put, 1045285
bst, delete, 4569
avl, put, 1313664
avl, delete, 1368686
splay, put, 14690
splay, delete, 42334
veb, put, 1334392
veb, delete, 2145350
bst, put, 1087499
bst, delete, 6736
avl, put, 1499024
avl, delete, 1332338
splay, put, 13181
splay, delete, 35298
veb, put, 1268285
veb, delete, 2007844
bst, put, 1044396
bst, delete, 4735
avl, put, 1419528
avl, delete, 1403501
splay, put, 11620
splay, delete, 35331
veb, put, 1433217
veb, delete, 1973607
bst, put, 1247797
bst, delete, 5522
avl, put, 1515637
avl, delete, 1298337
splay, put, 11614
splay, delete, 35532
veb, put, 1423563
veb, delete, 2160930
bst, put, 1078037
bst, delete, 4688
avl, put, 1341794
avl, delete, 1324227
splay, put, 11521
splay, delete, 35303
veb, put, 1436649
veb, delete, 1877847
bst, put, 1160160
bst, delete, 4655
avl, put, 1368887
avl, delete, 1429538
splay, put, 11420
splay, delete, 36120
veb, put, 1438501
veb, delete, 1883905
bst, put, 1176541
bst, delete, 4724
avl, put, 1359885
avl, delete, 1603518
splay, put, 13514
splay, delete, 42023
veb, put, 1458915
veb, delete, 2186290
bst, put, 1332789
bst, delete, 5630
avl, put, 1992309
avl, delete, 2163006
splay, put, 21960
splay, delete, 54387
veb, put, 1560921
veb, delete, 2271350
bst, put, 1422216
bst, delete, 7458
avl, put, 2298886
avl, delete, 2280501
splay, put, 21615
splay, delete, 52315
veb, put, 1569674
veb, delete, 2215762
bst, put, 1299349
bst, delete, 6333
avl, put, 2027635
avl, delete, 2271724
splay, put, 18349
splay, delete, 45982
veb, put, 1499060
veb, delete, 2256156
bst, put, 1245234
bst, delete, 7577
avl, put, 2234526
avl, delete, 1902327
splay, put, 15121
splay, delete, 42711
veb, put, 1475366
veb, delete, 2201465
bst, put, 1327809
bst, delete, 5375
avl, put, 1676733
avl, delete, 1599779
splay, put, 13526
splay, delete, 43623
veb, put, 1501573
veb, delete, 2193915
bst, put, 1227081
bst, delete, 5645
avl, put, 1566937
avl, delete, 1531679
splay, put, 13475
splay, delete, 42563
veb, put, 1526541
veb, delete, 2014479
bst, put, 1162699
bst, delete, 6264
avl, put, 1491250
avl, delete, 1574210
splay, put, 13362
splay, delete, 41543
veb, put, 1492906
veb, delete, 1992957
bst, put, 1046079
bst, delete, 6223
avl, put, 1438721
avl, delete, 1368901
splay, put, 11487
splay, delete, 34937
veb, put, 1264880
veb, delete, 2010673
bst, put, 1193418
bst, delete, 4650
avl, put, 1312468
avl, delete, 1287123
splay, put, 11365
splay, delete, 35547
veb, put, 1436931
veb, delete, 1867127
bst, put, 1015611
bst, delete, 4692
avl, put, 1512154
avl, delete, 1569261
splay, put, 13250
splay, delete, 41649
veb, put, 1525813
veb, delete, 1845324
bst, put, 1194981
bst, delete, 4785
avl, put, 1311607
avl, delete, 1433998
splay, put, 13330
splay, delete, 42264
veb, put, 1334296
veb, delete, 2151505
bst, put, 1055476
bst, delete, 4659
avl, put, 1385649
avl, delete, 1534854
splay, put, 13741
splay, delete, 43374
veb, put, 1500406
veb, delete, 2189705
bst, put, 1201433
bst, delete, 5334
avl, put, 1522373
avl, delete, 1308648
splay, put, 20550
splay, delete, 41165
veb, put, 1494026
veb, delete, 2176428
bst, put, 1220706
bst, delete, 5711
avl, put, 1460970
avl, delete, 1548671
splay, put, 14399
splay, delete, 41679
veb, put, 1354316
veb, delete, 1975816
bst, put, 1059616
bst, delete, 4601
avl, put, 1364065
avl, delete, 1426067
splay, put, 13696
splay, delete, 41813
veb, put, 1527646
veb, delete, 1885647
bst, put, 1115725
bst, delete, 5618
avl, put, 1520373
avl, delete, 1371988
splay, put, 13054
splay, delete, 36146
veb, put, 1343818
veb, delete, 1933337
bst, put, 1152968
bst, delete, 5502
avl, put, 1349605
avl, delete, 1454689
splay, put, 11389
splay, delete, 35883
veb, put, 1445596
veb, delete, 2013943
bst, put, 1191270
bst, delete, 4711
avl, put, 1343971
avl, delete, 1478417
splay, put, 13218
splay, delete, 43539
veb, put, 1264660
veb, delete, 1895425
bst, put, 1201400
bst, delete, 5542
avl, put, 1576398
avl, delete, 1526098
splay, put, 14439
splay, delete, 42631
veb, put, 1373620
veb, delete, 2004670
bst, put, 1119850
bst, delete, 5644
avl, put, 1557660
avl, delete, 1479704
splay, put, 13374
splay, delete, 40972
veb, put, 1290378
veb, delete, 1925416
bst, put, 1232041
bst, delete, 5566
avl, put, 1654523
avl, delete, 1580559
splay, put, 13515
splay, delete, 42037
veb, put, 1508659
veb, delete, 2188208
bst, put, 1232732
bst, delete, 5537
avl, put, 1622499
avl, delete, 1563179
splay, put, 13745
splay, delete, 41878
veb, put, 1525479
veb, delete, 2188928
bst, put, 1253319
bst, delete, 5501
avl, put, 1588982
avl, delete, 1550137
splay, put, 13688
splay, delete, 41969
veb, put, 1503028
veb, delete, 2201338
bst, put, 1238093
bst, delete, 5523
avl, put, 1906356
avl, delete, 1764212
splay, put, 14467
splay, delete, 44997
veb, put, 1534255
veb, delete, 2264977
bst, put, 1259091
bst, delete, 5472
avl, put, 1651489
avl, delete, 1662883
splay, put, 13334
splay, delete, 42260
veb, put, 1513899
veb, delete, 2183091
bst, put, 1268943
bst, delete, 5606
avl, put, 1570569
avl, delete, 1547468
splay, put, 13309
splay, delete, 41772
veb, put, 1512020
veb, delete, 2174668
bst, put, 1057218
bst, delete, 4742
avl, put, 1545039
avl, delete, 1482609
splay, put, 13187
splay, delete, 40392
veb, put, 1389043
veb, delete, 2061313
bst, put, 1037328
bst, delete, 4701
avl, put, 1521500
avl, delete, 1490025
splay, put, 11386
splay, delete, 47231
veb, put, 1454730
veb, delete, 2009531
bst, put, 1176261
bst, delete, 5499
avl, put, 1531042
avl, delete, 1310339
splay, put, 11220
splay, delete, 35207
veb, put, 1266811
veb, delete, 1956844
bst, put, 1232337
bst, delete, 5609
avl, put, 1439891
avl, delete, 1300188
splay, put, 11376
splay, delete, 35042
veb, put, 1437907
veb, delete, 2007832
bst, put, 1037014
bst, delete, 4649
avl, put, 1555389
avl, delete, 1316533
splay, put, 23669
splay, delete, 44412
veb, put, 1422211
veb, delete, 1874450
bst, put, 1167421
bst, delete, 4748
avl, put, 1334106
avl, delete, 1438138
splay, put, 11322
splay, delete, 36043
veb, put, 1451847
veb, delete, 1964802
bst, put, 1085599
bst, delete, 4679
avl, put, 1310289
avl, delete, 1457477
splay, put, 12158
splay, delete, 35735
veb, put, 1436752
veb, delete, 1846693
bst, put, 1168028
bst, delete, 5540
avl, put, 1422620
avl, delete, 1351160
splay, put, 11120
splay, delete, 34789
veb, put, 1266875
veb, delete, 2018335
bst, put, 1046766
bst, delete, 4708
avl, put, 1529063
avl, delete, 1493626
splay, put, 11284
splay, delete, 34599
veb, put, 1402505
veb, delete, 1874842
bst, put, 1094485
bst, delete, 5657
avl, put, 1468936
avl, delete, 1317204
splay, put, 11613
splay, delete, 39989
veb, put, 1279549
veb, delete, 2064139
bst, put, 1126117
bst, delete, 4635
avl, put, 1335851
avl, delete, 1459398
splay, put, 13563
splay, delete, 47214
veb, put, 1265080
veb, delete, 1840291
bst, put, 1179496
bst, delete, 5509
avl, put, 1568630
avl, delete, 1488801
splay, put, 11504
splay, delete, 34880
veb, put, 1265431
veb, delete, 2089504
bst, put, 1187293
bst, delete, 5580
avl, put, 1434180
avl, delete, 1507467
splay, put, 14069
splay, delete, 43194
veb, put, 1443440
veb, delete, 2086211
bst, put, 1036246
bst, delete, 4684
avl, put, 1459803
avl, delete, 1278827
splay, put, 11525
splay, delete, 35768
veb, put, 1272054
veb, delete, 1908271
bst, put, 1159126
bst, delete, 4674
avl, put, 1304215
avl, delete, 1280629
splay, put, 11386
splay, delete, 35569
veb, put, 1346704
veb, delete, 2095505
bst, put, 1046898
bst, delete, 4707
avl, put, 1327595
avl, delete, 1479207
splay, put, 11360
splay, delete, 36617
veb, put, 1430635
veb, delete, 1842933
bst, put, 1156849
bst, delete, 5551
avl, put, 1402097
avl, delete, 1439869
splay, put, 13509
splay, delete, 43404
veb, put, 1336473
veb, delete, 2014497
bst, put, 1123321
bst, delete, 5521
avl, put, 1408297
avl, delete, 1465355
splay, put, 14125
splay, delete, 42793
veb, put, 1285562
veb, delete, 1899232
bst, put, 1192702
bst, delete, 5391
avl, put, 1448646
avl, delete, 1326920
splay, put, 11443
splay, delete, 35359
veb, put, 1269629
veb, delete, 2099605
bst, put, 1144672
bst, delete, 4453
avl, put, 1326876
avl, delete, 1355364
splay, put, 13773
splay, delete, 41988
veb, put, 1385168
veb, delete, 1846183
bst, put, 1037279
bst, delete, 4524
avl, put, 1461605
avl, delete, 1299775
splay, put, 11543
splay, delete, 34700
veb, put, 1265914
veb, delete, 1933953
bst, put, 1114172
bst, delete, 4516
avl, put, 1310642
avl, delete, 1283788
splay, put, 11291
splay, delete, 35720
veb, put, 1368727
veb, delete, 1917524
bst, put, 1018805
bst, delete, 4442
avl, put, 1522946
avl, delete, 1550855
splay, put, 13363
splay, delete, 42086
veb, put, 1503224
veb, delete, 1987630
bst, put, 1230739
bst, delete, 4656
avl, put, 1301303
avl, delete, 1449203
splay, put, 11459
splay, delete, 35117
veb, put, 1385280
veb, delete, 1894242
bst, put, 1022742
bst, delete, 4482
avl, put, 1333200
avl, delete, 1479898
splay, put, 11351
splay, delete, 35318
veb, put, 1268552
veb, delete, 1843730
bst, put, 1141048
bst, delete, 5317
avl, put, 1369753
avl, delete, 1486899
splay, put, 12118
splay, delete, 35008
veb, put, 1439751
veb, delete, 2026456
bst, put, 1027764
bst, delete, 4495
avl, put, 1338516
avl, delete, 1472252
splay, put, 16729
splay, delete, 34975
veb, put, 1273898
veb, delete, 1995182
bst, put, 1019451
bst, delete, 6489
avl, put, 1476092
avl, delete, 1304930
splay, put, 11463
splay, delete, 34577
veb, put, 1268001
veb, delete, 2006856
bst, put, 1013179
bst, delete, 4541
avl, put, 1339920
avl, delete, 1330073
splay, put, 13410
splay, delete, 41695
veb, put, 1408557
veb, delete, 1842617
bst, put, 1145612
bst, delete, 6083
avl, put, 1499683
avl, delete, 1455563
splay, put, 11576
splay, delete, 35283
veb, put, 1266929
veb, delete, 1937892
bst, put, 1088170
bst, delete, 4580
avl, put, 1343811
avl, delete, 1367002
splay, put, 13091
splay, delete, 40872
veb, put, 1497925
veb, delete, 1877528
bst, put, 1002888
bst, delete, 4476
avl, put, 1410302
avl, delete, 1428199
splay, put, 11244
splay, delete, 34643
veb, put, 1268396
veb, delete, 1988673
bst, put, 1151534
bst, delete, 5324
avl, put, 1412038
avl, delete, 1430095
splay, put, 11295
splay, delete, 34778
veb, put, 1442620
veb, delete, 2001905
bst, put, 1014601
bst, delete, 4500
avl, put, 1471775
avl, delete, 1480203
splay, put, 13290
splay, delete, 43843
veb, put, 1361012
veb, delete, 1919555
bst, put, 1043054
bst, delete, 5340
avl, put, 1483436
avl, delete, 1424618
splay, put, 13442
splay, delete, 42490
veb, put, 1496920
veb, delete, 2011101
bst, put, 1034663
bst, delete, 4440
avl, put, 1300769
avl, delete, 1296365
splay, put, 13492
splay, delete, 41943
veb, put, 1425275
veb, delete, 2148403
bst, put, 1034637
bst, delete, 4469
avl, put, 1502872
avl, delete, 1313960
splay, put, 11353
splay, delete, 35238
veb, put, 1266115
veb, delete, 2121026
bst, put, 1219161
bst, delete, 5303
avl, put, 1599011
avl, delete, 1592996
splay, put, 13136
splay, delete, 41905
veb, put, 1507279
veb, delete, 2207272
bst, put, 1421602
bst, delete, 6188
avl, put, 1913922
avl, delete, 1777664
splay, put, 14087
splay, delete, 44535
veb, put, 1519022
veb, delete, 2218580
bst, put, 1153244
bst, delete, 5606
avl, put, 1574786
avl, delete, 1389842
splay, put, 11508
splay, delete, 35761
veb, put, 1271362
veb, delete, 1894620
bst, put, 1227659
bst, delete, 4542
avl, put, 1347858
avl, delete, 1319157
splay, put, 11464
splay, delete, 35235
veb, put, 1365666
veb, delete, 1924871
bst, put, 1062762
bst, delete, 4468
avl, put, 1357555
avl, delete, 1512247
splay, put, 11350
splay, delete, 35255
veb, put, 1266571
veb, delete, 1843882
bst, put, 1146025
bst, delete, 5399
avl, put, 1468306
avl, delete, 1423976
splay, put, 11524
splay, delete, 34626
veb, put, 1265879
veb, delete, 2013910
bst, put, 1191289
bst, delete, 5282
avl, put, 1343177
avl, delete, 1416611
splay, put, 13249
splay, delete, 41294
veb, put, 1336479
veb, delete, 1846251
bst, put, 1038873
bst, delete, 4504
avl, put, 1519422
avl, delete, 1338683
splay, put, 12161
splay, delete, 35717
veb, put, 1408159
veb, delete, 2173177
bst, put, 1099624
bst, delete, 5317
avl, put, 1583665
avl, delete, 1571393
splay, put, 13324
splay, delete, 41312
veb, put, 1510457
veb, delete, 2114105
bst, put, 1083289
bst, delete, 5319
avl, put, 1462008
avl, delete, 1312623
splay, put, 11390
splay, delete, 35881
veb, put, 1267267
veb, delete, 2014551
bst, put, 1047514
bst, delete, 4441
avl, put, 1321692
avl, delete, 1300283
splay, put, 11548
splay, delete, 36002
veb, put, 1442612
veb, delete, 2031264
bst, put, 1050835
bst, delete, 4354
avl, put, 1461846
avl, delete, 1337926
splay, put, 11320
splay, delete, 34920
veb, put, 1269842
veb, delete, 2183916
bst, put, 1240707
bst, delete, 5351
avl, put, 1546593
avl, delete, 1533086
splay, put, 13468
splay, delete, 41126
veb, put, 1504229
veb, delete, 2108959
bst, put, 1076558
bst, delete, 5304
avl, put, 1522377
avl, delete, 1311090
splay, put, 11236
splay, delete, 35164
veb, put, 1265298
veb, delete, 1962802
bst, put, 1106741
bst, delete, 5385
avl, put, 1603285
avl, delete, 1387455
splay, put, 11239
splay, delete, 34945
veb, put, 1448364
veb, delete, 1917406
bst, put, 1133693
bst, delete, 4598
avl, put, 1540490
avl, delete, 1409704
splay, put, 13381
splay, delete, 40898
veb, put, 1396301
veb, delete, 2047618
bst, put, 1119919
bst, delete, 4442
avl, put, 1433291
avl, delete, 1349098
splay, put, 11399
splay, delete, 35520
veb, put, 1421899
veb, delete, 1864734
bst, put, 1036119
bst, delete, 4470
avl, put, 1357702
avl, delete, 1463877
splay, put, 11185
splay, delete, 34735
veb, put, 1268498
veb, delete, 1847685
bst, put, 1158333
bst, delete, 5265
avl, put, 1349972
avl, delete, 1283933
splay, put, 12107
splay, delete, 35834
veb, put, 1271233
veb, delete, 2009011
bst, put, 1032992
bst, delete, 4474
avl, put, 1353597
avl, delete, 1351421
splay, put, 13256
splay, delete, 41798
veb, put, 1377991
veb, delete, 1845551
bst, put, 1037463
bst, delete, 4487
avl, put, 1483071
avl, delete, 1314126
splay, put, 11439
splay, delete, 34469
veb, put, 1273863
veb, delete, 1910644
bst, put, 1147039
bst, delete, 4470
avl, put, 1304905
avl, delete, 1444747
splay, put, 11922
splay, delete, 35434
veb, put, 1375442
veb, delete, 2075046
bst, put, 1158181
bst, delete, 5305
avl, put, 1463850
avl, delete, 1439220
splay, put, 12831
splay, delete, 36594
veb, put, 1265406
veb, delete, 1846053
bst, put, 1142595
bst, delete, 5319
avl, put, 1362487
avl, delete, 1324724
splay, put, 11286
splay, delete, 35169
veb, put, 1265470
veb, delete, 2010347
bst, put, 1014123
bst, delete, 4529
avl, put, 1323864
avl, delete, 1368280
splay, put, 13545
splay, delete, 41105
veb, put, 1347871
veb, delete, 1840471
bst, put, 1023107
bst, delete, 4474
avl, put, 1484596
avl, delete, 1285979
splay, put, 11298
splay, delete, 35050
veb, put, 1302645
veb, delete, 2098865
bst, put, 1189797
bst, delete, 5299
avl, put, 1486805
avl, delete, 1362430
splay, put, 12377
splay, delete, 35351
veb, put, 1440592
veb, delete, 1862384
bst, put, 1126538
bst, delete, 5298
avl, put, 1468220
avl, delete, 1350397
splay, put, 11533
splay, delete, 35373
veb, put, 1392137
veb, delete, 2138632
bst, put, 1098952
bst, delete, 4541
avl, put, 1474484
avl, delete, 1339844
splay, put, 11299
splay, delete, 35983
veb, put, 1447257
veb, delete, 2007211
bst, put, 1035368
bst, delete, 4474
avl, put, 1428732
avl, delete, 1477929
splay, put, 11539
splay, delete, 35960
veb, put, 1273827
veb, delete, 1844136
bst, put, 1266939
bst, delete, 5699
avl, put, 1337788
avl, delete, 1305901
splay, put, 12982
splay, delete, 35324
veb, put, 1406093
veb, delete, 1896077
bst, put, 1020573
bst, delete, 4489
avl, put, 1349884
avl, delete, 1398960
splay, put, 13255
splay, delete, 41583
veb, put, 1335698
veb, delete, 1843685
bst, put, 1032364
bst, delete, 4505
avl, put, 3548560
avl, delete, 1385064
splay, put, 11522
splay, delete, 37257
veb, put, 1459500
veb, delete, 1865995
bst, put, 1041442
bst, delete, 4621
avl, put, 1525189
avl, delete, 1338255
splay, put, 11283
splay, delete, 34931
veb, put, 1269101
veb, delete, 2137963
bst, put, 1245501
bst, delete, 5480
avl, put, 1597987
avl, delete, 1467697
splay, put, 11300
splay, delete, 36005
veb, put, 1447265
veb, delete, 1966074
bst, put, 1246539
bst, delete, 5484
avl, put, 1470547
avl, delete, 1401070
splay, put, 11124
splay, delete, 35052
veb, put, 1274745
veb, delete, 1844652
bst, put, 1214560
bst, delete, 4657
avl, put, 1355652
avl, delete, 1483289
splay, put, 11366
splay, delete, 35494
veb, put, 1314982
veb, delete, 1967454
bst, put, 1040707
bst, delete, 4681
avl, put, 1329086
avl, delete, 1454864
splay, put, 13070
splay, delete, 50532
veb, put, 1399243
veb, delete, 1887179
bst, put, 1076834
bst, delete, 5537
avl, put, 1433901
avl, delete, 1279432
splay, put, 11206
splay, delete, 34949
veb, put, 1269712
veb, delete, 2010633
bst, put, 1045295
bst, delete, 5493
avl, put, 1493850
avl, delete, 1311105
splay, put, 11330
splay, delete, 35090
veb, put, 1439886
veb, delete, 1956027
bst, put, 1101395
bst, delete, 4528
avl, put, 1444681
avl, delete, 1344941
splay, put, 11270
splay, delete, 36337
veb, put, 1272899
veb, delete, 1880694
bst, put, 1177593
bst, delete, 4514
avl, put, 1321540
avl, delete, 1351149
splay, put, 13417
splay, delete, 42504
veb, put, 1447255
veb, delete, 2090632
bst, put, 1197554
bst, delete, 5349
avl, put, 1428791
avl, delete, 1445763
splay, put, 10709
splay, delete, 34641
veb, put, 1266317
veb, delete, 1864270
bst, put, 1147685
bst, delete, 5269
avl, put, 1557945
avl, delete, 1300961
splay, put, 11699
splay, delete, 34928
veb, put, 1267803
veb, delete, 2034762
bst, put, 1225373
bst, delete, 5281
avl, put, 1587333
avl, delete, 1539059
splay, put, 10670
splay, delete, 34716
veb, put, 1272182
veb, delete, 1845671
bst, put, 1071305
bst, delete, 5263
avl, put, 1451018
avl, delete, 1284007
splay, put, 12272
splay, delete, 41701
veb, put, 1349496
veb, delete, 2020559
bst, put, 1050450
bst, delete, 4420
avl, put, 1329833
avl, delete, 1323632
splay, put, 12533
splay, delete, 41164
veb, put, 1374336
veb, delete, 1848580
bst, put, 1051837
bst, delete, 4482
avl, put, 1484066
avl, delete, 1290230
splay, put, 10859
splay, delete, 37800
veb, put, 1271719
veb, delete, 1904158
bst, put, 1137356
bst, delete, 4433
avl, put, 1325533
avl, delete, 1300891
splay, put, 11758
splay, delete, 35073
veb, put, 1378162
veb, delete, 2116345
bst, put, 1063753
bst, delete, 4474
avl, put, 1324436
avl, delete, 1454288
splay, put, 10473
splay, delete, 34734
veb, put, 1268722
veb, delete, 1898746
bst, put, 1243739
bst, delete, 5236
avl, put, 1472214
avl, delete, 1334563
splay, put, 11936
splay, delete, 34972
veb, put, 1417575
veb, delete, 1897430
bst, put, 1054897
bst, delete, 4433
avl, put, 1330431
avl, delete, 1386828
splay, put, 13898
splay, delete, 42547
veb, put, 1326788
veb, delete, 1844100
bst, put, 1039314
bst, delete, 4410
avl, put, 1488865
avl, delete, 1444296
splay, put, 12214
splay, delete, 46587
veb, put, 1269113
veb, delete, 1985131
bst, put, 1040554
bst, delete, 4471
avl, put, 1319983
avl, delete, 1441479
splay, put, 12821
splay, delete, 41441
veb, put, 1466713
veb, delete, 1843307
bst, put, 1082327
bst, delete, 4447
avl, put, 1364435
avl, delete, 1427088
splay, put, 10677
splay, delete, 35441
veb, put, 1270385
veb, delete, 1840703
bst, put, 1170274
bst, delete, 5286
avl, put, 1380269
avl, delete, 1390236
splay, put, 14012
splay, delete, 41812
veb, put, 1419690
veb, delete, 1979576
bst, put, 1041520
bst, delete, 4385
avl, put, 1339267
avl, delete, 1431124
splay, put, 12567
splay, delete, 41583
veb, put, 1308783
veb, delete, 1854791
bst, put, 1134301
bst, delete, 5233
avl, put, 1415128
avl, delete, 1269876
splay, put, 10557
splay, delete, 35049
veb, put, 1265345
veb, delete, 1973332
bst, put, 1139982
bst, delete, 5379
avl, put, 1454604
avl, delete, 1294632
splay, put, 10710
splay, delete, 34983
veb, put, 1441959
veb, delete, 1841438
bst, put, 1016081
bst, delete, 4429
avl, put, 1384328
avl, delete, 1528184
splay, put, 10437
splay, delete, 35154
veb, put, 1271610
veb, delete, 2007371
bst, put, 1201077
bst, delete, 4479
avl, put, 1292196
avl, delete, 1279535
splay, put, 10425
splay, delete, 35111
veb, put, 1265208
veb, delete, 2030550
bst, put, 1012848
bst, delete, 4480
avl, put, 1295765
avl, delete, 1350724
splay, put, 13355
splay, delete, 41643
veb, put, 1345384
veb, delete, 1843429
bst, put, 1022846
bst, delete, 4476
avl, put, 1483283
avl, delete, 1419535
splay, put, 13290
splay, delete, 41026
veb, put, 1390276
veb, delete, 2092657
bst, put, 1151664
bst, delete, 5284
avl, put, 1335698
avl, delete, 1281616
splay, put, 10626
splay, delete, 35266
veb, put, 1443038
veb, delete, 1840624
bst, put, 1027023
bst, delete, 4471
avl, put, 1357202
avl, delete, 1418924
splay, put, 10366
splay, delete, 34712
veb, put, 1268177
veb, delete, 2000829
bst, put, 1198458
bst, delete, 4457
avl, put, 1334831
avl, delete, 1300419
splay, put, 10620
splay, delete, 34936
veb, put, 1271109
veb, delete, 2007082
bst, put, 1040950
bst, delete, 4554
avl, put, 1329644
avl, delete, 1425907
splay, put, 12718
splay, delete, 40657
veb, put, 1304654
veb, delete, 1843452
bst, put, 1037912
bst, delete, 4552
avl, put, 1503473
avl, delete, 1316886
splay, put, 22899
splay, delete, 43551
veb, put, 1421132
veb, delete, 2022987
bst, put, 1037059
bst, delete, 4429
avl, put, 1308063
avl, delete, 1284327
splay, put, 10732
splay, delete, 36001
veb, put, 1436555
veb, delete, 2020967
bst, put, 1043537
bst, delete, 4436
avl, put, 1360457
avl, delete, 1385357
splay, put, 11007
splay, delete, 46775
veb, put, 1420204
veb, delete, 1844242
bst, put, 1210718
bst, delete, 4475
avl, put, 1343439
avl, delete, 1316133
splay, put, 10319
splay, delete, 34727
veb, put, 1275195
veb, delete, 2014043
bst, put, 1051481
bst, delete, 4499
avl, put, 1468763
avl, delete, 1405946
splay, put, 12457
splay, delete, 40640
veb, put, 1314595
veb, delete, 2197215
bst, put, 1248556
bst, delete, 5470
avl, put, 1587366
avl, delete, 1537660
splay, put, 12262
splay, delete, 41589
veb, put, 1499926
veb, delete, 2192783
bst, put, 1239161
bst, delete, 5554
avl, put, 1583616
avl, delete, 1541677
splay, put, 12643
splay, delete, 41017
veb, put, 1520923
veb, delete, 2185864
bst, put, 1242868
bst, delete, 5520
avl, put, 1572043
avl, delete, 1539503
splay, put, 12251
splay, delete, 41620
veb, put, 1504179
veb, delete, 2200100
bst, put, 1223078
bst, delete, 5510
avl, put, 1584404
avl, delete, 1337597
splay, put, 12439
splay, delete, 35036
veb, put, 1456453
veb, delete, 2030978
bst, put, 1216489
bst, delete, 4616
avl, put, 1328624
avl, delete, 1524642
splay, put, 12450
splay, delete, 41037
veb, put, 1379987
veb, delete, 1978233
bst, put, 1091355
bst, delete, 4640
avl, put, 1462720
avl, delete, 1431743
splay, put, 11379
splay, delete, 35403
veb, put, 1265569
veb, delete, 2022447
bst, put, 1249457
bst, delete, 4686
avl, put, 1496330
avl, delete, 1316532
splay, put, 10733
splay, delete, 34621
veb, put, 1449665
veb, delete, 1853592
bst, put, 1071895
bst, delete, 5540
avl, put, 1636211
avl, delete, 1415083
splay, put, 14136
splay, delete, 35129
veb, put, 1452362
veb, delete, 1911825
bst, put, 1130649
bst, delete, 4645
avl, put, 1485560
avl, delete, 1426142
splay, put, 13740
splay, delete, 43407
veb, put, 1419108
veb, delete, 2068463
bst, put, 1038572
bst, delete, 4620
avl, put, 1396800
avl, delete, 1433606
splay, put, 11442
splay, delete, 35798
veb, put, 1267421
veb, delete, 2021760
bst, put, 1202829
bst, delete, 4639
avl, put, 1537179
avl, delete, 1350127
splay, put, 15562
splay, delete, 42661
veb, put, 1564779
veb, delete, 2031900
bst, put, 1184416
bst, delete, 5209
avl, put, 1439106
avl, delete, 1504564
splay, put, 11743
splay, delete, 35406
veb, put, 1270148
veb, delete, 1844933
bst, put, 1171788
bst, delete, 5544
avl, put, 1436308
avl, delete, 1493420
splay, put, 11394
splay, delete, 36013
veb, put, 1377514
veb, delete, 2106603
