structure, operation, time(ns)
bst, put, 16640084
bst, delete, 8891824
avl, put, 101120844
avl, delete, 29356163
splay, put, 37487699
splay, delete, 34702393
veb, put, 23385714
veb, delete, 1183711
bst, put, 1276182
bst, delete, 1414219
avl, put, 50655057
avl, delete, 18656869
splay, put, 17725144
splay, delete, 26450383
veb, put, 6514396
veb, delete, 1253888
bst, put, 1342644
bst, delete, 1478191
avl, put, 52458354
avl, delete, 21377959
splay, put, 10447650
splay, delete, 26527359
veb, put, 6716721
veb, delete, 1177105
bst, put, 1349803
bst, delete, 1322249
avl, put, 49881708
avl, delete, 16959618
splay, put, 9614451
splay, delete, 6977374
veb, put, 6065197
veb, delete, 168116
bst, put, 1283886
bst, delete, 488279
avl, put, 44951350
avl, delete, 15195241
splay, put, 1849347
splay, delete, 1233216
veb, put, 6082750
veb, delete, 22049
bst, put, 312026
bst, delete, 389536
avl, put, 42847614
avl, delete, 18334971
splay, put, 759951
splay, delete, 922517
veb, put, 6035423
veb, delete, 25695
bst, put, 319374
bst, delete, 444714
avl, put, 41187306
avl, delete, 8424953
splay, put, 627916
splay, delete, 870220
veb, put, 5489874
veb, delete, 16317
bst, put, 253902
bst, delete, 408984
avl, put, 38728127
avl, delete, 14877473
splay, put, 629475
splay, delete, 757843
veb, put, 5679124
veb, delete, 25615
bst, put, 307374
bst, delete, 333304
avl, put, 41244533
avl, delete, 15573793
splay, put, 836585
splay, delete, 853416
veb, put, 5616799
veb, delete, 22578
bst, put, 244032
bst, delete, 344014
avl, put, 39630608
avl, delete, 16760061
splay, put, 613035
splay, delete, 1103773
veb, put, 5981096
veb, delete, 33927
bst, put, 305701
bst, delete, 411831
avl, put, 41692812
avl, delete, 15742392
splay, put, 634794
splay, delete, 781213
veb, put, 5725083
veb, delete, 19284
bst, put, 321992
bst, delete, 325380
avl, put, 37524314
avl, delete, 18614622
splay, put, 747534
splay, delete, 877108
veb, put, 5479140
veb, delete, 16292
bst, put, 266927
bst, delete, 200984
avl, put, 38329809
avl, delete, 14705159
splay, put, 735366
splay, delete, 880943
veb, put, 5518445
veb, delete, 21574
bst, put, 247880
bst, delete, 238528
avl, put, 38700396
avl, delete, 8767208
splay, put, 616480
splay, delete, 848785
veb, put, 5529939
veb, delete, 21589
bst, put, 257856
bst, delete, 201304
avl, put, 38367620
avl, delete, 13640694
splay, put, 711655
splay, delete, 853249
veb, put, 5460545
veb, delete, 15909
bst, put, 273594
bst, delete, 186502
avl, put, 38736654
avl, delete, 14720188
splay, put, 629166
splay, delete, 791846
veb, put, 5324128
veb, delete, 25211
bst, put, 299031
bst, delete, 304134
avl, put, 37235224
avl, delete, 11582198
splay, put, 747082
splay, delete, 819614
veb, put, 5268190
veb, delete, 21666
bst, put, 303346
bst, delete, 339746
avl, put, 38710433
avl, delete, 12448285
splay, put, 701569
splay, delete, 794558
veb, put, 5573140
veb, delete, 15767
bst, put, 262207
bst, delete, 263162
avl, put, 39379782
avl, delete, 12630356
splay, put, 618244
splay, delete, 767081
veb, put, 5434456
veb, delete, 15900
bst, put, 252761
bst, delete, 420803
avl, put, 38553945
avl, delete, 6080483
splay, put, 617029
splay, delete, 761097
veb, put, 5268995
veb, delete, 21494
bst, put, 302290
bst, delete, 388758
avl, put, 37489484
avl, delete, 14743534
splay, put, 613052
splay, delete, 825524
veb, put, 5410034
veb, delete, 26549
bst, put, 254507
bst, delete, 273154
avl, put, 38174223
avl, delete, 11018111
splay, put, 617995
splay, delete, 762676
veb, put, 5260745
veb, delete, 16101
bst, put, 256743
bst, delete, 137147
avl, put, 37884304
avl, delete, 12159614
splay, put, 636500
splay, delete, 818802
veb, put, 5532300
veb, delete, 16093
bst, put, 256399
bst, delete, 340990
avl, put, 38384973
avl, delete, 16010270
splay, put, 699570
splay, delete, 761483
veb, put, 5431749
veb, delete, 16038
bst, put, 245059
bst, delete, 269972
avl, put, 37826257
avl, delete, 16624901
splay, put, 618020
splay, delete, 769874
veb, put, 5259362
veb, delete, 26980
bst, put, 285218
bst, delete, 361464
avl, put, 40860952
avl, delete, 17457699
splay, put, 729931
splay, delete, 913696
veb, put, 5872560
veb, delete, 15923
bst, put, 252988
bst, delete, 421958
avl, put, 38975071
avl, delete, 16136554
splay, put, 622561
splay, delete, 848447
veb, put, 5587385
veb, delete, 19183
bst, put, 370334
bst, delete, 433492
avl, put, 39245823
avl, delete, 8541117
splay, put, 613987
splay, delete, 760500
veb, put, 5421029
veb, delete, 15969
bst, put, 270115
bst, delete, 508467
avl, put, 37129230
avl, delete, 15874923
splay, put, 678251
splay, delete, 760925
veb, put, 5549557
veb, delete, 18835
bst, put, 287516
bst, delete, 394052
avl, put, 38366183
avl, delete, 14702564
splay, put, 621411
splay, delete, 922480
veb, put, 5449232
veb, delete, 15861
bst, put, 246488
bst, delete, 304640
avl, put, 37797948
avl, delete, 8295335
splay, put, 621888
splay, delete, 764744
veb, put, 5459055
veb, delete, 15757
bst, put, 273432
bst, delete, 285445
avl, put, 39406855
avl, delete, 16142112
splay, put, 632842
splay, delete, 900710
veb, put, 5695166
veb, delete, 24295
bst, put, 280963
bst, delete, 370693
avl, put, 38441675
avl, delete, 13533739
splay, put, 775058
splay, delete, 851272
veb, put, 5950506
veb, delete, 22320
bst, put, 309306
bst, delete, 448216
avl, put, 41391719
avl, delete, 14667987
splay, put, 751846
splay, delete, 929854
veb, put, 6079601
veb, delete, 35944
bst, put, 315687
bst, delete, 462729
avl, put, 42838977
avl, delete, 14509926
splay, put, 747437
splay, delete, 959205
veb, put, 6076860
veb, delete, 22488
bst, put, 292588
bst, delete, 477585
avl, put, 43495597
avl, delete, 13555789
splay, put, 754316
splay, delete, 915159
veb, put, 6075447
veb, delete, 22713
bst, put, 312036
bst, delete, 516340
avl, put, 42101729
avl, delete, 10010453
splay, put, 830516
splay, delete, 1038280
veb, put, 6078054
veb, delete, 40039
bst, put, 336252
bst, delete, 321517
avl, put, 40218285
avl, delete, 11241690
splay, put, 766444
splay, delete, 818882
veb, put, 5747084
veb, delete, 24857
bst, put, 321591
bst, delete, 271009
avl, put, 41069063
avl, delete, 16816598
splay, put, 627283
splay, delete, 891308
veb, put, 5638126
veb, delete, 19797
bst, put, 308152
bst, delete, 223317
avl, put, 39402149
avl, delete, 17409352
splay, put, 1024925
splay, delete, 1200492
veb, put, 6300365
veb, delete, 42326
bst, put, 380656
bst, delete, 421018
avl, put, 42989869
avl, delete, 10974557
splay, put, 640555
splay, delete, 814961
veb, put, 5627112
veb, delete, 28862
bst, put, 311508
bst, delete, 344830
avl, put, 45226589
avl, delete, 22567049
splay, put, 779731
splay, delete, 921203
veb, put, 6062950
veb, delete, 22154
bst, put, 294402
bst, delete, 412407
avl, put, 40968975
avl, delete, 17180635
splay, put, 787567
splay, delete, 856180
veb, put, 5991949
veb, delete, 19074
bst, put, 294815
bst, delete, 475864
avl, put, 43944579
avl, delete, 9324276
splay, put, 774296
splay, delete, 969951
veb, put, 6101183
veb, delete, 21600
bst, put, 309509
bst, delete, 349448
avl, put, 39346940
avl, delete, 14768063
splay, put, 710067
splay, delete, 877213
veb, put, 5478709
veb, delete, 16763
bst, put, 3401328
bst, delete, 391013
avl, put, 40863319
avl, delete, 14598992
splay, put, 746711
splay, delete, 765920
veb, put, 5388196
veb, delete, 19479
bst, put, 274445
bst, delete, 399533
avl, put, 37663440
avl, delete, 14168413
splay, put, 617797
splay, delete, 790995
veb, put, 5286946
veb, delete, 19147
bst, put, 318007
bst, delete, 383086
avl, put, 39369093
avl, delete, 13224835
splay, put, 644523
splay, delete, 777622
veb, put, 5272750
veb, delete, 19526
bst, put, 252815
bst, delete, 322510
avl, put, 36940403
avl, delete, 14097886
splay, put, 763454
splay, delete, 908482
veb, put, 5262469
veb, delete, 29476
bst, put, 311610
bst, delete, 370249
avl, put, 38307645
avl, delete, 8426725
splay, put, 745174
splay, delete, 914600
veb, put, 5268064
veb, delete, 24907
bst, put, 281017
bst, delete, 275967
avl, put, 38460883
avl, delete, 14690751
splay, put, 734791
splay, delete, 845435
veb, put, 5433772
veb, delete, 18870
bst, put, 261239
bst, delete, 384507
avl, put, 37462812
avl, delete, 8723989
splay, put, 623837
splay, delete, 776931
veb, put, 5361200
veb, delete, 26085
bst, put, 299415
bst, delete, 171087
avl, put, 40389678
avl, delete, 11493359
splay, put, 653602
splay, delete, 934350
veb, put, 5284382
veb, delete, 25024
bst, put, 269976
bst, delete, 273899
avl, put, 39690219
avl, delete, 17808802
splay, put, 644717
splay, delete, 849815
veb, put, 5934235
veb, delete, 25172
bst, put, 340518
bst, delete, 401739
avl, put, 43001507
avl, delete, 20226518
splay, put, 724638
splay, delete, 919244
veb, put, 6106721
veb, delete, 27325
bst, put, 329961
bst, delete, 460340
avl, put, 41228522
avl, delete, 8006255
splay, put, 635224
splay, delete, 769007
veb, put, 5673090
veb, delete, 35611
bst, put, 317465
bst, delete, 181269
avl, put, 39436706
avl, delete, 14254827
splay, put, 620521
splay, delete, 851560
veb, put, 5689835
veb, delete, 21713
bst, put, 289553
bst, delete, 303443
avl, put, 38985993
avl, delete, 15138205
splay, put, 629078
splay, delete, 769884
veb, put, 5638182
veb, delete, 16188
bst, put, 274046
bst, delete, 470494
avl, put, 43030227
avl, delete, 16410515
splay, put, 632375
splay, delete, 887448
veb, put, 5764141
veb, delete, 22329
bst, put, 314826
bst, delete, 380664
avl, put, 40184439
avl, delete, 13592683
splay, put, 707728
splay, delete, 776198
veb, put, 6014232
veb, delete, 18836
bst, put, 301332
bst, delete, 349283
avl, put, 42755175
avl, delete, 11811478
splay, put, 745194
splay, delete, 813207
veb, put, 6127098
veb, delete, 32489
bst, put, 262573
bst, delete, 315298
avl, put, 39286727
avl, delete, 11071530
splay, put, 689501
splay, delete, 880126
veb, put, 5670749
veb, delete, 27325
bst, put, 349865
bst, delete, 434849
avl, put, 41676314
avl, delete, 10694880
splay, put, 766329
splay, delete, 936149
veb, put, 5866529
veb, delete, 28458
bst, put, 329277
bst, delete, 402307
avl, put, 39139687
avl, delete, 8335106
splay, put, 722981
splay, delete, 896693
veb, put, 5609406
veb, delete, 16431
bst, put, 260707
bst, delete, 174148
avl, put, 41849724
avl, delete, 19045051
splay, put, 777008
splay, delete, 945582
veb, put, 6057167
veb, delete, 35375
bst, put, 348415
bst, delete, 349308
avl, put, 40940070
avl, delete, 18101650
splay, put, 754740
splay, delete, 942430
veb, put, 6295885
veb, delete, 29367
bst, put, 336125
bst, delete, 409274
avl, put, 42698016
avl, delete, 15456597
splay, put, 775176
splay, delete, 897191
veb, put, 6160953
veb, delete, 21309
bst, put, 286500
bst, delete, 368287
avl, put, 41623949
avl, delete, 13519378
splay, put, 721624
splay, delete, 831189
veb, put, 5695119
veb, delete, 33524
bst, put, 316368
bst, delete, 402323
avl, put, 40213990
avl, delete, 12908367
splay, put, 644536
splay, delete, 770198
veb, put, 5708842
veb, delete, 22340
bst, put, 310830
bst, delete, 471396
avl, put, 39228504
avl, delete, 12279499
splay, put, 639271
splay, delete, 785387
veb, put, 5485074
veb, delete, 28436
bst, put, 288754
bst, delete, 364309
avl, put, 40799999
avl, delete, 13675273
splay, put, 717877
splay, delete, 916398
veb, put, 5634383
veb, delete, 24829
bst, put, 259088
bst, delete, 283498
avl, put, 39475564
avl, delete, 13010856
splay, put, 750409
splay, delete, 936386
veb, put, 5526905
veb, delete, 29412
bst, put, 295212
bst, delete, 304709
avl, put, 40436042
avl, delete, 13320259
splay, put, 746567
splay, delete, 840336
veb, put, 5456790
veb, delete, 23957
bst, put, 253724
bst, delete, 257603
avl, put, 40264420
avl, delete, 10069711
splay, put, 749858
splay, delete, 895833
veb, put, 5725979
veb, delete, 20310
bst, put, 265783
bst, delete, 208425
avl, put, 38595068
avl, delete, 16125809
splay, put, 749220
splay, delete, 958271
veb, put, 6302421
veb, delete, 28614
bst, put, 357458
bst, delete, 304611
avl, put, 39080296
avl, delete, 11148313
splay, put, 630846
splay, delete, 906479
veb, put, 5312582
veb, delete, 29271
bst, put, 251471
bst, delete, 300671
avl, put, 36972033
avl, delete, 14562307
splay, put, 640531
splay, delete, 915497
veb, put, 5266700
veb, delete, 26989
bst, put, 272693
bst, delete, 454696
avl, put, 39049211
avl, delete, 12105083
splay, put, 720071
splay, delete, 790361
veb, put, 5449859
veb, delete, 16161
bst, put, 296470
bst, delete, 355311
avl, put, 38621790
avl, delete, 15853961
splay, put, 748949
splay, delete, 810869
veb, put, 5265598
veb, delete, 27466
bst, put, 291647
bst, delete, 391922
avl, put, 39082370
avl, delete, 13825901
splay, put, 631836
splay, delete, 777083
veb, put, 5316158
veb, delete, 26828
bst, put, 300757
bst, delete, 462243
avl, put, 38388190
avl, delete, 12864518
splay, put, 740674
splay, delete, 906896
veb, put, 5385573
veb, delete, 18900
bst, put, 259619
bst, delete, 215851
avl, put, 37986103
avl, delete, 13539359
splay, put, 659884
splay, delete, 857704
veb, put, 5389902
veb, delete, 15993
bst, put, 305324
bst, delete, 247005
avl, put, 38549025
avl, delete, 17292476
splay, put, 667546
splay, delete, 770272
veb, put, 5264665
veb, delete, 23084
bst, put, 251296
bst, delete, 212817
avl, put, 38860876
avl, delete, 14492546
splay, put, 679834
splay, delete, 776875
veb, put, 5313421
veb, delete, 18144
bst, put, 250298
bst, delete, 164321
avl, put, 37189304
avl, delete, 13525224
splay, put, 627577
splay, delete, 765837
veb, put, 5351932
veb, delete, 19084
bst, put, 319820
bst, delete, 194243
avl, put, 41214150
avl, delete, 12891203
splay, put, 693067
splay, delete, 779491
veb, put, 5415143
veb, delete, 17592
bst, put, 268514
bst, delete, 168704
avl, put, 39724360
avl, delete, 14153749
splay, put, 695389
splay, delete, 872162
veb, put, 5501758
veb, delete, 30602
bst, put, 263719
bst, delete, 258654
avl, put, 38456511
avl, delete, 15383334
splay, put, 687858
splay, delete, 858125
veb, put, 5260746
veb, delete, 16071
bst, put, 252075
bst, delete, 307851
avl, put, 38721233
avl, delete, 15235809
splay, put, 637993
splay, delete, 770382
veb, put, 5259275
veb, delete, 16254
bst, put, 258119
bst, delete, 110609
avl, put, 37491706
avl, delete, 12762640
splay, put, 621622
splay, delete, 767504
veb, put, 5352681
veb, delete, 25500
bst, put, 308608
bst, delete, 237164
avl, put, 41312108
avl, delete, 13028384
splay, put, 757026
splay, delete, 907844
veb, put, 6068499
veb, delete, 36150
bst, put, 302939
bst, delete, 253322
avl, put, 43555693
avl, delete, 18629601
splay, put, 752084
splay, delete, 912910
veb, put, 6110088
veb, delete, 23227
bst, put, 323781
bst, delete, 159887
avl, put, 42845678
avl, delete, 16615088
splay, put, 746898
splay, delete, 917290
veb, put, 6043976
veb, delete, 35699
bst, put, 307105
bst, delete, 192700
avl, put, 43208153
avl, delete, 18194398
splay, put, 741430
splay, delete, 907197
veb, put, 6052677
veb, delete, 19533
bst, put, 343041
bst, delete, 189186
avl, put, 42895263
avl, delete, 12050202
splay, put, 761355
splay, delete, 946306
veb, put, 6049428
veb, delete, 29166
bst, put, 293276
bst, delete, 237329
avl, put, 41875135
avl, delete, 11061408
splay, put, 635982
splay, delete, 867698
veb, put, 5356110
veb, delete, 36210
bst, put, 257228
bst, delete, 172239
avl, put, 37905660
avl, delete, 12014278
splay, put, 682913
splay, delete, 908644
veb, put, 5836222
veb, delete, 27074
bst, put, 387639
bst, delete, 255923
avl, put, 41956015
avl, delete, 15253348
splay, put, 725457
splay, delete, 848734
veb, put, 5622687
veb, delete, 27874
bst, put, 311151
bst, delete, 66576
avl, put, 39583339
avl, delete, 16064235
splay, put, 706805
splay, delete, 870260
veb, put, 5824064
veb, delete, 19729
bst, put, 297428
bst, delete, 205320
avl, put, 39548135
avl, delete, 13145998
splay, put, 740031
splay, delete, 806301
veb, put, 5444404
veb, delete, 25675
bst, put, 311475
bst, delete, 172623
avl, put, 38325216
avl, delete, 12274308
splay, put, 744942
splay, delete, 800899
veb, put, 5431528
veb, delete, 15579
bst, put, 255961
bst, delete, 117451
avl, put, 38933576
avl, delete, 17634175
splay, put, 757345
splay, delete, 924100
veb, put, 5701455
veb, delete, 19327
bst, put, 247252
bst, delete, 214764
avl, put, 40139745
avl, delete, 13252345
splay, put, 741072
splay, delete, 830517
veb, put, 5252070
veb, delete, 21364
bst, put, 258734
bst, delete, 207180
avl, put, 39684764
avl, delete, 17244371
splay, put, 632296
splay, delete, 789149
veb, put, 5437409
veb, delete, 19417
bst, put, 309251
bst, delete, 272252
avl, put, 38045370
avl, delete, 12534867
splay, put, 676109
splay, delete, 797480
veb, put, 5386577
veb, delete, 16007
bst, put, 260148
bst, delete, 173443
avl, put, 37352208
avl, delete, 17773508
splay, put, 708798
splay, delete, 851502
veb, put, 5334279
veb, delete, 25805
bst, put, 278467
bst, delete, 170379
avl, put, 39103002
avl, delete, 13965474
splay, put, 624826
splay, delete, 774603
veb, put, 8193778
veb, delete, 27933
bst, put, 300935
bst, delete, 140803
avl, put, 39441142
avl, delete, 11957299
splay, put, 641123
splay, delete, 778013
veb, put, 6066113
veb, delete, 21632
bst, put, 308466
bst, delete, 247287
avl, put, 40513946
avl, delete, 13747756
splay, put, 623551
splay, delete, 902937
veb, put, 5606179
veb, delete, 18899
bst, put, 327133
bst, delete, 170583
avl, put, 39192789
avl, delete, 16177983
splay, put, 731062
splay, delete, 816107
veb, put, 5606555
veb, delete, 36583
bst, put, 312050
bst, delete, 283802
avl, put, 37808593
avl, delete, 9582960
splay, put, 618813
splay, delete, 774689
veb, put, 5270528
veb, delete, 16094
bst, put, 293249
bst, delete, 166032
avl, put, 38438443
avl, delete, 12680636
splay, put, 705677
splay, delete, 906739
veb, put, 5539447
veb, delete, 21577
bst, put, 253120
bst, delete, 239617
avl, put, 37401074
avl, delete, 12250264
splay, put, 652612
splay, delete, 768815
veb, put, 5461544
veb, delete, 31362
bst, put, 319398
bst, delete, 219588
avl, put, 37698244
avl, delete, 13047407
splay, put, 614702
splay, delete, 776261
veb, put, 5588941
veb, delete, 15980
bst, put, 293049
bst, delete, 138945
avl, put, 38635791
avl, delete, 14100216
splay, put, 736276
splay, delete, 810395
veb, put, 5280165
veb, delete, 18528
bst, put, 313709
bst, delete, 281703
avl, put, 37995159
avl, delete, 8522803
splay, put, 621445
splay, delete, 776189
veb, put, 5420597
veb, delete, 27175
bst, put, 249616
bst, delete, 195762
avl, put, 37599159
avl, delete, 12252236
splay, put, 619123
splay, delete, 770416
veb, put, 5263399
veb, delete, 15563
bst, put, 276032
bst, delete, 221981
avl, put, 38468915
avl, delete, 16402287
splay, put, 610980
splay, delete, 769992
veb, put, 5598228
veb, delete, 15799
bst, put, 267252
bst, delete, 270024
avl, put, 37580707
avl, delete, 11069218
splay, put, 714816
splay, delete, 763116
veb, put, 5264071
veb, delete, 16005
bst, put, 249297
bst, delete, 231370
avl, put, 38101563
avl, delete, 15409523
splay, put, 742795
splay, delete, 810619
veb, put, 5311612
veb, delete, 31828
bst, put, 301504
bst, delete, 199933
avl, put, 38580886
avl, delete, 9594877
splay, put, 681942
splay, delete, 862944
veb, put, 5522450
veb, delete, 25490
bst, put, 284224
bst, delete, 240606
avl, put, 37970223
avl, delete, 15999033
splay, put, 626789
splay, delete, 908153
veb, put, 5450483
veb, delete, 15689
bst, put, 256040
bst, delete, 195328
avl, put, 38007518
avl, delete, 11261533
splay, put, 613547
splay, delete, 872254
veb, put, 5716363
veb, delete, 16007
bst, put, 261514
bst, delete, 190193
avl, put, 38884393
avl, delete, 12125366
splay, put, 655162
splay, delete, 897452
veb, put, 5769517
veb, delete, 25908
bst, put, 305631
bst, delete, 172221
avl, put, 40642745
avl, delete, 15795218
splay, put, 637220
splay, delete, 776238
veb, put, 5294101
veb, delete, 21163
bst, put, 313949
bst, delete, 236911
avl, put, 39482748
avl, delete, 17142323
splay, put, 686521
splay, delete, 774015
veb, put, 5531312
veb, delete, 26053
bst, put, 311931
bst, delete, 258524
avl, put, 38437162
avl, delete, 10045538
splay, put, 734910
splay, delete, 769608
veb, put, 5428020
veb, delete, 15787
bst, put, 268563
bst, delete, 235219
avl, put, 38100090
avl, delete, 9360951
splay, put, 732542
splay, delete, 896888
veb, put, 5715150
veb, delete, 18586
bst, put, 292898
bst, delete, 82678
avl, put, 38297573
avl, delete, 14910401
splay, put, 620689
splay, delete, 773396
veb, put, 5483386
veb, delete, 15976
bst, put, 256631
bst, delete, 154431
avl, put, 37725401
avl, delete, 14534337
splay, put, 741542
splay, delete, 781040
veb, put, 5437527
veb, delete, 15945
bst, put, 275660
bst, delete, 74860
avl, put, 37818319
avl, delete, 10838071
splay, put, 617558
splay, delete, 895127
veb, put, 5477929
veb, delete, 15854
bst, put, 268484
bst, delete, 190437
avl, put, 39288928
avl, delete, 13647048
splay, put, 681822
splay, delete, 756083
veb, put, 5250075
veb, delete, 21385
bst, put, 266784
bst, delete, 147968
avl, put, 38713956
avl, delete, 15177819
splay, put, 644350
splay, delete, 769053
veb, put, 5255456
veb, delete, 26844
bst, put, 254848
bst, delete, 176735
avl, put, 37551456
avl, delete, 15644929
splay, put, 706732
splay, delete, 758200
veb, put, 5552237
veb, delete, 18541
bst, put, 284001
bst, delete, 166955
avl, put, 37578492
avl, delete, 13847642
splay, put, 643800
splay, delete, 799958
veb, put, 5449301
veb, delete, 21732
bst, put, 258657
bst, delete, 175352
avl, put, 38470824
avl, delete, 17204005
splay, put, 640118
splay, delete, 763973
veb, put, 5591173
veb, delete, 15959
bst, put, 280577
bst, delete, 123579
avl, put, 39284480
avl, delete, 10322955
splay, put, 617377
splay, delete, 757060
veb, put, 5261438
veb, delete, 21725
bst, put, 250588
bst, delete, 276164
avl, put, 37599149
avl, delete, 12825960
splay, put, 619442
splay, delete, 801557
veb, put, 5341064
veb, delete, 32423
bst, put, 275847
bst, delete, 173839
avl, put, 38370314
avl, delete, 13206383
splay, put, 686419
splay, delete, 858895
veb, put, 5380424
veb, delete, 18761
bst, put, 316334
bst, delete, 259020
avl, put, 39469272
avl, delete, 8909318
splay, put, 701120
splay, delete, 911930
veb, put, 5721336
veb, delete, 19279
bst, put, 322214
bst, delete, 178701
avl, put, 39932402
avl, delete, 11394540
splay, put, 733970
splay, delete, 916386
veb, put, 6041065
veb, delete, 25681
bst, put, 305585
bst, delete, 257946
avl, put, 39415174
avl, delete, 8118625
splay, put, 748703
splay, delete, 817364
veb, put, 5766864
veb, delete, 21302
bst, put, 254117
bst, delete, 142736
avl, put, 38357159
avl, delete, 16606792
splay, put, 736720
splay, delete, 910421
veb, put, 6046916
veb, delete, 38586
bst, put, 292575
bst, delete, 238391
avl, put, 40065195
avl, delete, 9659500
splay, put, 623434
splay, delete, 765009
veb, put, 5447864
veb, delete, 15613
bst, put, 283466
bst, delete, 305074
avl, put, 38765314
avl, delete, 13712076
splay, put, 730223
splay, delete, 778585
veb, put, 5343230
veb, delete, 19147
bst, put, 294368
bst, delete, 183810
avl, put, 37833322
avl, delete, 15814350
splay, put, 715288
splay, delete, 769977
veb, put, 5262795
veb, delete, 15995
bst, put, 248950
bst, delete, 203138
avl, put, 38777261
avl, delete, 9311694
splay, put, 642711
splay, delete, 838637
veb, put, 5366430
veb, delete, 19408
bst, put, 307973
bst, delete, 176051
avl, put, 38170349
avl, delete, 14654302
splay, put, 614782
splay, delete, 766213
veb, put, 5423672
veb, delete, 15732
bst, put, 267046
bst, delete, 198796
avl, put, 38219862
avl, delete, 11748777
splay, put, 622222
splay, delete, 765404
veb, put, 5282668
veb, delete, 25608
bst, put, 303930
bst, delete, 201868
avl, put, 38195235
avl, delete, 12609275
splay, put, 620706
splay, delete, 763899
veb, put, 5256742
veb, delete, 15913
bst, put, 279369
bst, delete, 291624
avl, put, 38853768
avl, delete, 14818888
splay, put, 610874
splay, delete, 781294
veb, put, 5614960
veb, delete, 15966
bst, put, 266373
bst, delete, 144324
avl, put, 37811248
avl, delete, 6654473
splay, put, 721831
splay, delete, 843745
veb, put, 5582748
veb, delete, 15812
bst, put, 250550
bst, delete, 271870
avl, put, 38235738
avl, delete, 12550648
splay, put, 716756
splay, delete, 844824
veb, put, 5449324
veb, delete, 16150
bst, put, 248830
bst, delete, 125748
avl, put, 37683301
avl, delete, 15587418
splay, put, 690764
splay, delete, 795069
veb, put, 5344093
veb, delete, 19060
bst, put, 293219
bst, delete, 114229
avl, put, 37055622
avl, delete, 16111661
splay, put, 635124
splay, delete, 777426
veb, put, 5256759
veb, delete, 26685
bst, put, 274418
bst, delete, 158680
avl, put, 37808841
avl, delete, 12713742
splay, put, 611722
splay, delete, 750124
veb, put, 5466710
veb, delete, 25264
bst, put, 301765
bst, delete, 150330
avl, put, 38954253
avl, delete, 15587357
splay, put, 631381
splay, delete, 763517
veb, put, 5907476
veb, delete, 27090
bst, put, 294077
bst, delete, 119223
avl, put, 38335899
avl, delete, 11152298
splay, put, 744543
splay, delete, 921926
veb, put, 6111168
veb, delete, 32802
bst, put, 285476
bst, delete, 140644
avl, put, 38801596
avl, delete, 13780494
splay, put, 739605
splay, delete, 913211
veb, put, 5281200
veb, delete, 18625
bst, put, 286594
bst, delete, 151508
avl, put, 37227104
avl, delete, 16011378
splay, put, 627683
splay, delete, 764066
veb, put, 5258021
veb, delete, 16090
bst, put, 330712
bst, delete, 166968
avl, put, 41479278
avl, delete, 14900445
splay, put, 773343
splay, delete, 923141
veb, put, 5674514
veb, delete, 15619
bst, put, 247126
bst, delete, 155474
avl, put, 38038656
avl, delete, 9725506
splay, put, 742055
splay, delete, 900764
veb, put, 5839082
veb, delete, 25773
bst, put, 296565
bst, delete, 160165
avl, put, 39064742
avl, delete, 10999710
splay, put, 726701
splay, delete, 760532
veb, put, 5430266
veb, delete, 16342
bst, put, 257001
bst, delete, 115656
avl, put, 37963478
avl, delete, 17953175
splay, put, 746626
splay, delete, 905146
veb, put, 5379214
veb, delete, 25439
bst, put, 301416
bst, delete, 144822
avl, put, 38492021
avl, delete, 12774027
splay, put, 642444
splay, delete, 821276
veb, put, 5262049
veb, delete, 25082
bst, put, 294014
bst, delete, 191736
avl, put, 38683888
avl, delete, 12830894
splay, put, 629840
splay, delete, 771001
veb, put, 5454507
veb, delete, 20720
bst, put, 316100
bst, delete, 139362
avl, put, 39377584
avl, delete, 12394078
splay, put, 731315
splay, delete, 889313
veb, put, 5650493
veb, delete, 18621
bst, put, 298596
bst, delete, 148424
avl, put, 40197405
avl, delete, 13487588
splay, put, 619438
splay, delete, 787319
veb, put, 10434812
veb, delete, 24872
bst, put, 307876
bst, delete, 220082
avl, put, 40734409
avl, delete, 14416445
splay, put, 755093
splay, delete, 832268
veb, put, 5343115
veb, delete, 29421
bst, put, 308882
bst, delete, 152523
avl, put, 38887945
avl, delete, 18173170
splay, put, 632826
splay, delete, 775989
veb, put, 5570173
veb, delete, 34541
bst, put, 296603
bst, delete, 151714
avl, put, 37554016
avl, delete, 14043765
splay, put, 716363
splay, delete, 785090
veb, put, 5504185
veb, delete, 22513
bst, put, 254721
bst, delete, 81596
avl, put, 36986798
avl, delete, 12056400
splay, put, 778410
splay, delete, 1120844
veb, put, 6078574
veb, delete, 23257
bst, put, 324712
bst, delete, 104076
avl, put, 38779228
avl, delete, 8577863
splay, put, 642151
splay, delete, 904637
veb, put, 5895724
veb, delete, 25325
bst, put, 242180
bst, delete, 153393
avl, put, 41501790
avl, delete, 16646165
splay, put, 639388
splay, delete, 812134
veb, put, 5671527
veb, delete, 29144
bst, put, 276344
bst, delete, 162259
avl, put, 40561341
avl, delete, 11674103
splay, put, 766789
splay, delete, 815798
veb, put, 5561074
veb, delete, 28263
bst, put, 322010
bst, delete, 147713
avl, put, 37075685
avl, delete, 16748351
splay, put, 624186
splay, delete, 771101
veb, put, 5483360
veb, delete, 16100
bst, put, 264413
bst, delete, 136941
avl, put, 39234622
avl, delete, 13398439
splay, put, 737900
splay, delete, 814125
veb, put, 5356760
veb, delete, 25540
bst, put, 292623
bst, delete, 176238
avl, put, 42325743
avl, delete, 12780874
splay, put, 743608
splay, delete, 932164
veb, put, 6069149
veb, delete, 19413
bst, put, 296009
bst, delete, 211434
avl, put, 39582012
avl, delete, 17600511
splay, put, 742839
splay, delete, 878583
veb, put, 5529851
veb, delete, 16176
bst, put, 262347
bst, delete, 186927
avl, put, 42646868
avl, delete, 13720863
splay, put, 740395
splay, delete, 765227
veb, put, 5657742
veb, delete, 27487
bst, put, 314000
bst, delete, 207958
avl, put, 39436897
avl, delete, 9178420
splay, put, 740946
splay, delete, 917251
veb, put, 5399360
veb, delete, 20536
bst, put, 285913
bst, delete, 154999
avl, put, 40006061
avl, delete, 11494850
splay, put, 625192
splay, delete, 778474
veb, put, 6070285
veb, delete, 19443
bst, put, 291223
bst, delete, 100727
avl, put, 39735041
avl, delete, 18351180
splay, put, 619255
splay, delete, 766215
veb, put, 5436217
veb, delete, 27927
bst, put, 275641
bst, delete, 124369
avl, put, 40395926
avl, delete, 8693124
splay, put, 742124
splay, delete, 920438
veb, put, 6088596
veb, delete, 26370
bst, put, 309107
bst, delete, 135800
avl, put, 39656871
avl, delete, 13335326
splay, put, 755536
splay, delete, 890999
veb, put, 5682968
veb, delete, 25783
bst, put, 266208
bst, delete, 139644
avl, put, 39493158
avl, delete, 14115503
splay, put, 649689
splay, delete, 764807
veb, put, 5980139
veb, delete, 16511
bst, put, 306704
bst, delete, 240067
avl, put, 38702550
avl, delete, 16124008
splay, put, 759295
splay, delete, 920993
veb, put, 6073839
veb, delete, 19363
bst, put, 319637
bst, delete, 191087
avl, put, 41376363
avl, delete, 14329413
splay, put, 630926
splay, delete, 874273
veb, put, 5468785
veb, delete, 16463
bst, put, 250374
bst, delete, 114193
avl, put, 38482994
avl, delete, 11538787
splay, put, 717997
splay, delete, 850240
veb, put, 5666080
veb, delete, 23740
bst, put, 255289
bst, delete, 138731
avl, put, 39313569
avl, delete, 10113094
splay, put, 667930
splay, delete, 800038
veb, put, 5405673
veb, delete, 22098
bst, put, 316145
bst, delete, 157256
avl, put, 40565074
avl, delete, 23036053
splay, put, 938601
splay, delete, 1512200
veb, put, 6276680
veb, delete, 23193
bst, put, 325573
bst, delete, 159782
avl, put, 41437546
avl, delete, 14044496
splay, put, 677305
splay, delete, 906547
veb, put, 5445454
veb, delete, 42134
bst, put, 305222
bst, delete, 121471
avl, put, 40274458
avl, delete, 12668746
splay, put, 745493
splay, delete, 910295
veb, put, 6315819
veb, delete, 24628
bst, put, 320460
bst, delete, 165742
avl, put, 42786776
avl, delete, 15799040
splay, put, 752568
splay, delete, 808379
veb, put, 5630961
veb, delete, 18911
bst, put, 256956
bst, delete, 130114
avl, put, 38691739
avl, delete, 10057140
splay, put, 735599
splay, delete, 920077
veb, put, 6058789
veb, delete, 33932
bst, put, 304877
bst, delete, 165102
avl, put, 40639394
avl, delete, 17566269
splay, put, 671360
splay, delete, 757864
veb, put, 5432846
veb, delete, 16185
bst, put, 274342
bst, delete, 164526
avl, put, 40864087
avl, delete, 16335355
splay, put, 648717
splay, delete, 857973
veb, put, 5496040
veb, delete, 25794
bst, put, 309282
bst, delete, 137195
avl, put, 37678194
avl, delete, 12601866
splay, put, 689645
splay, delete, 858317
veb, put, 5275105
veb, delete, 21619
bst, put, 260300
bst, delete, 82745
avl, put, 38437043
avl, delete, 15890090
splay, put, 737476
splay, delete, 769226
veb, put, 5640429
veb, delete, 25267
bst, put, 302183
bst, delete, 141433
avl, put, 41779950
avl, delete, 16411453
splay, put, 736729
splay, delete, 873064
veb, put, 5720709
veb, delete, 26225
